ID,Shortname,AS,LM,AQ,PPQ,MQ,CQ,AL,ASAQ,DHA-PPQ,ASMQ
0,KNY--C1x,0.689,0.719,0.862,0.899,0.945,0.81,0.915,0.962,0.972,0.983
1,KNY--C1X,0.689,0.719,0.862,0.899,0.945,0.81,0.915,0.962,0.972,0.983
2,KNY--C2x,0.689,0.719,0.862,0.213,0.945,0.81,0.915,0.962,0.768,0.983
3,KNY--C2X,0.689,0.719,0.862,0.213,0.945,0.81,0.915,0.962,0.768,0.983
4,KNY--Y1x,0.241,0.719,0.862,0.899,0.945,0.81,0.795,0.896,0.929,0.962
5,KNY--Y1X,0.241,0.719,0.862,0.899,0.945,0.81,0.795,0.896,0.929,0.962
6,KNY--Y2x,0.241,0.719,0.862,0.213,0.945,0.81,0.795,0.896,0.415,0.962
7,KNY--Y2X,0.241,0.719,0.862,0.213,0.945,0.81,0.795,0.896,0.415,0.962
8,KYY--C1x,0.689,0.828,0.682,0.899,0.945,0.639,0.953,0.905,0.972,0.983
9,KYY--C1X,0.689,0.828,0.682,0.899,0.945,0.639,0.953,0.905,0.972,0.983
10,KYY--C2x,0.689,0.828,0.682,0.213,0.945,0.639,0.953,0.905,0.768,0.983
11,KYY--C2X,0.689,0.828,0.682,0.213,0.945,0.639,0.953,0.905,0.768,0.983
12,KYY--Y1x,0.241,0.828,0.682,0.899,0.945,0.639,0.878,0.772,0.929,0.962
13,KYY--Y1X,0.241,0.828,0.682,0.899,0.945,0.639,0.878,0.772,0.929,0.962
14,KYY--Y2x,0.241,0.828,0.682,0.213,0.945,0.639,0.878,0.772,0.415,0.962
15,KYY--Y2X,0.241,0.828,0.682,0.213,0.945,0.639,0.878,0.772,0.415,0.962
16,KNF--C1x,0.689,0.627,0.921,0.899,0.945,0.81,0.89,0.977,0.972,0.983
17,KNF--C1X,0.689,0.627,0.921,0.899,0.945,0.81,0.89,0.977,0.972,0.983
18,KNF--C2x,0.689,0.627,0.921,0.213,0.945,0.81,0.89,0.977,0.768,0.983
19,KNF--C2X,0.689,0.627,0.921,0.213,0.945,0.81,0.89,0.977,0.768,0.983
20,KNF--Y1x,0.241,0.627,0.921,0.899,0.945,0.81,0.723,0.948,0.929,0.962
21,KNF--Y1X,0.241,0.627,0.921,0.899,0.945,0.81,0.723,0.948,0.929,0.962
22,KNF--Y2x,0.241,0.627,0.921,0.213,0.945,0.81,0.723,0.948,0.415,0.962
23,KNF--Y2X,0.241,0.627,0.921,0.213,0.945,0.81,0.723,0.948,0.415,0.962
24,KYF--C1x,0.689,0.719,0.761,0.899,0.945,0.639,0.915,0.93,0.972,0.983
25,KYF--C1X,0.689,0.719,0.761,0.899,0.945,0.639,0.915,0.93,0.972,0.983
26,KYF--C2x,0.689,0.719,0.761,0.213,0.945,0.639,0.915,0.93,0.768,0.983
27,KYF--C2X,0.689,0.719,0.761,0.213,0.945,0.639,0.915,0.93,0.768,0.983
28,KYF--Y1x,0.241,0.719,0.761,0.899,0.945,0.639,0.795,0.825,0.929,0.962
29,KYF--Y1X,0.241,0.719,0.761,0.899,0.945,0.639,0.795,0.825,0.929,0.962
30,KYF--Y2x,0.241,0.719,0.761,0.213,0.945,0.639,0.795,0.825,0.415,0.962
31,KYF--Y2X,0.241,0.719,0.761,0.213,0.945,0.639,0.795,0.825,0.415,0.962
32,KNYNYC1x,0.689,0.523,0.862,0.899,0.461,0.81,0.859,0.962,0.972,0.846
33,KNYNYC1X,0.689,0.523,0.862,0.899,0.461,0.81,0.859,0.962,0.972,0.846
34,KNYNYC2x,0.689,0.523,0.862,0.213,0.461,0.81,0.859,0.962,0.768,0.846
35,KNYNYC2X,0.689,0.523,0.862,0.213,0.461,0.81,0.859,0.962,0.768,0.846
36,KNYNYY1x,0.241,0.523,0.862,0.899,0.461,0.81,0.646,0.896,0.929,0.607
37,KNYNYY1X,0.241,0.523,0.862,0.899,0.461,0.81,0.646,0.896,0.929,0.607
38,KNYNYY2x,0.241,0.523,0.862,0.213,0.461,0.81,0.646,0.896,0.415,0.607
39,KNYNYY2X,0.241,0.523,0.862,0.213,0.461,0.81,0.646,0.896,0.415,0.607
40,KYYYYC1x,0.689,0.662,0.682,0.899,0.461,0.639,0.897,0.905,0.972,0.846
41,KYYYYC1X,0.689,0.662,0.682,0.899,0.461,0.639,0.897,0.905,0.972,0.846
42,KYYYYC2x,0.689,0.662,0.682,0.213,0.461,0.639,0.897,0.905,0.768,0.846
43,KYYYYC2X,0.689,0.662,0.682,0.213,0.461,0.639,0.897,0.905,0.768,0.846
44,KYYYYY1x,0.241,0.662,0.682,0.899,0.461,0.639,0.752,0.772,0.929,0.607
45,KYYYYY1X,0.241,0.662,0.682,0.899,0.461,0.639,0.752,0.772,0.929,0.607
46,KYYYYY2x,0.241,0.662,0.682,0.213,0.461,0.639,0.752,0.772,0.415,0.607
47,KYYYYY2X,0.241,0.662,0.682,0.213,0.461,0.639,0.752,0.772,0.415,0.607
48,KNFNFC1x,0.689,0.422,0.921,0.899,0.461,0.81,0.83,0.977,0.972,0.846
49,KNFNFC1X,0.689,0.422,0.921,0.899,0.461,0.81,0.83,0.977,0.972,0.846
50,KNFNFC2x,0.689,0.422,0.921,0.213,0.461,0.81,0.83,0.977,0.768,0.846
51,KNFNFC2X,0.689,0.422,0.921,0.213,0.461,0.81,0.83,0.977,0.768,0.846
52,KNFNFY1x,0.241,0.422,0.921,0.899,0.461,0.81,0.57,0.948,0.929,0.607
53,KNFNFY1X,0.241,0.422,0.921,0.899,0.461,0.81,0.57,0.948,0.929,0.607
54,KNFNFY2x,0.241,0.422,0.921,0.213,0.461,0.81,0.57,0.948,0.415,0.607
55,KNFNFY2X,0.241,0.422,0.921,0.213,0.461,0.81,0.57,0.948,0.415,0.607
56,KYFYFC1x,0.689,0.523,0.761,0.899,0.461,0.639,0.859,0.93,0.972,0.846
57,KYFYFC1X,0.689,0.523,0.761,0.899,0.461,0.639,0.859,0.93,0.972,0.846
58,KYFYFC2x,0.689,0.523,0.761,0.213,0.461,0.639,0.859,0.93,0.768,0.846
59,KYFYFC2X,0.689,0.523,0.761,0.213,0.461,0.639,0.859,0.93,0.768,0.846
60,KYFYFY1x,0.241,0.523,0.761,0.899,0.461,0.639,0.646,0.825,0.929,0.607
61,KYFYFY1X,0.241,0.523,0.761,0.899,0.461,0.639,0.646,0.825,0.929,0.607
62,KYFYFY2x,0.241,0.523,0.761,0.213,0.461,0.639,0.646,0.825,0.415,0.607
63,KYFYFY2X,0.241,0.523,0.761,0.213,0.461,0.639,0.646,0.825,0.415,0.607
64,TNY--C1x,0.689,0.77,0.811,0.899,0.945,0.337,0.929,0.947,0.972,0.983
65,TNY--C1X,0.689,0.77,0.811,0.899,0.945,0.337,0.929,0.947,0.972,0.983
66,TNY--C2x,0.689,0.77,0.811,0.213,0.945,0.337,0.929,0.947,0.768,0.983
67,TNY--C2X,0.689,0.77,0.811,0.213,0.945,0.337,0.929,0.947,0.768,0.983
68,TNY--Y1x,0.241,0.77,0.811,0.899,0.945,0.337,0.829,0.864,0.929,0.962
69,TNY--Y1X,0.241,0.77,0.811,0.899,0.945,0.337,0.829,0.864,0.929,0.962
70,TNY--Y2x,0.241,0.77,0.811,0.213,0.945,0.337,0.829,0.864,0.415,0.962
71,TNY--Y2X,0.241,0.77,0.811,0.213,0.945,0.337,0.829,0.864,0.415,0.962
72,TYY--C1x,0.689,0.87,0.633,0.899,0.945,0.195,0.965,0.891,0.972,0.983
73,TYY--C1X,0.689,0.87,0.633,0.899,0.945,0.195,0.965,0.891,0.972,0.983
74,TYY--C2x,0.689,0.87,0.633,0.213,0.945,0.195,0.965,0.891,0.768,0.983
75,TYY--C2X,0.689,0.87,0.633,0.213,0.945,0.195,0.965,0.891,0.768,0.983
76,TYY--Y1x,0.241,0.87,0.633,0.899,0.945,0.195,0.908,0.735,0.929,0.962
77,TYY--Y1X,0.241,0.87,0.633,0.899,0.945,0.195,0.908,0.735,0.929,0.962
78,TYY--Y2x,0.241,0.87,0.633,0.213,0.945,0.195,0.908,0.735,0.415,0.962
79,TYY--Y2X,0.241,0.87,0.633,0.213,0.945,0.195,0.908,0.735,0.415,0.962
80,TNF--C1x,0.689,0.676,0.847,0.899,0.945,0.337,0.908,0.959,0.972,0.983
81,TNF--C1X,0.689,0.676,0.847,0.899,0.945,0.337,0.908,0.959,0.972,0.983
82,TNF--C2x,0.689,0.676,0.847,0.213,0.945,0.337,0.908,0.959,0.768,0.983
83,TNF--C2X,0.689,0.676,0.847,0.213,0.945,0.337,0.908,0.959,0.768,0.983
84,TNF--Y1x,0.241,0.676,0.847,0.899,0.945,0.337,0.753,0.893,0.929,0.962
85,TNF--Y1X,0.241,0.676,0.847,0.899,0.945,0.337,0.753,0.893,0.929,0.962
86,TNF--Y2x,0.241,0.676,0.847,0.213,0.945,0.337,0.753,0.893,0.415,0.962
87,TNF--Y2X,0.241,0.676,0.847,0.213,0.945,0.337,0.753,0.893,0.415,0.962
88,TYF--C1x,0.689,0.77,0.714,0.899,0.945,0.195,0.929,0.917,0.972,0.983
89,TYF--C1X,0.689,0.77,0.714,0.899,0.945,0.195,0.929,0.917,0.972,0.983
90,TYF--C2x,0.689,0.77,0.714,0.213,0.945,0.195,0.929,0.917,0.768,0.983
91,TYF--C2X,0.689,0.77,0.714,0.213,0.945,0.195,0.929,0.917,0.768,0.983
92,TYF--Y1x,0.241,0.77,0.714,0.899,0.945,0.195,0.829,0.794,0.929,0.962
93,TYF--Y1X,0.241,0.77,0.714,0.899,0.945,0.195,0.829,0.794,0.929,0.962
94,TYF--Y2x,0.241,0.77,0.714,0.213,0.945,0.195,0.829,0.794,0.415,0.962
95,TYF--Y2X,0.241,0.77,0.714,0.213,0.945,0.195,0.829,0.794,0.415,0.962
96,TNYNYC1x,0.689,0.575,0.811,0.899,0.461,0.337,0.869,0.947,0.972,0.846
97,TNYNYC1X,0.689,0.575,0.811,0.899,0.461,0.337,0.869,0.947,0.972,0.846
98,TNYNYC2x,0.689,0.575,0.811,0.213,0.461,0.337,0.869,0.947,0.768,0.846
99,TNYNYC2X,0.689,0.575,0.811,0.213,0.461,0.337,0.869,0.947,0.768,0.846
100,TNYNYY1x,0.241,0.575,0.811,0.899,0.461,0.337,0.684,0.864,0.929,0.607
101,TNYNYY1X,0.241,0.575,0.811,0.899,0.461,0.337,0.684,0.864,0.929,0.607
102,TNYNYY2x,0.241,0.575,0.811,0.213,0.461,0.337,0.684,0.864,0.415,0.607
103,TNYNYY2X,0.241,0.575,0.811,0.213,0.461,0.337,0.684,0.864,0.415,0.607
104,TYYYYC1x,0.689,0.719,0.633,0.899,0.461,0.195,0.915,0.891,0.972,0.846
105,TYYYYC1X,0.689,0.719,0.633,0.899,0.461,0.195,0.915,0.891,0.972,0.846
106,TYYYYC2x,0.689,0.719,0.633,0.213,0.461,0.195,0.915,0.891,0.768,0.846
107,TYYYYC2X,0.689,0.719,0.633,0.213,0.461,0.195,0.915,0.891,0.768,0.846
108,TYYYYY1x,0.241,0.719,0.633,0.899,0.461,0.195,0.795,0.735,0.929,0.607
109,TYYYYY1X,0.241,0.719,0.633,0.899,0.461,0.195,0.795,0.735,0.929,0.607
110,TYYYYY2x,0.241,0.719,0.633,0.213,0.461,0.195,0.795,0.735,0.415,0.607
111,TYYYYY2X,0.241,0.719,0.633,0.213,0.461,0.195,0.795,0.735,0.415,0.607
112,TNFNFC1x,0.689,0.474,0.847,0.899,0.461,0.337,0.844,0.959,0.972,0.846
113,TNFNFC1X,0.689,0.474,0.847,0.899,0.461,0.337,0.844,0.959,0.972,0.846
114,TNFNFC2x,0.689,0.474,0.847,0.213,0.461,0.337,0.844,0.959,0.768,0.846
115,TNFNFC2X,0.689,0.474,0.847,0.213,0.461,0.337,0.844,0.959,0.768,0.846
116,TNFNFY1x,0.241,0.474,0.847,0.899,0.461,0.337,0.604,0.893,0.929,0.607
117,TNFNFY1X,0.241,0.474,0.847,0.899,0.461,0.337,0.604,0.893,0.929,0.607
118,TNFNFY2x,0.241,0.474,0.847,0.213,0.461,0.337,0.604,0.893,0.415,0.607
119,TNFNFY2X,0.241,0.474,0.847,0.213,0.461,0.337,0.604,0.893,0.415,0.607
120,TYFYFC1x,0.689,0.575,0.714,0.899,0.461,0.195,0.869,0.917,0.972,0.846
121,TYFYFC1X,0.689,0.575,0.714,0.899,0.461,0.195,0.869,0.917,0.972,0.846
122,TYFYFC2x,0.689,0.575,0.714,0.213,0.461,0.195,0.869,0.917,0.768,0.846
123,TYFYFC2X,0.689,0.575,0.714,0.213,0.461,0.195,0.869,0.917,0.768,0.846
124,TYFYFY1x,0.241,0.575,0.714,0.899,0.461,0.195,0.684,0.794,0.929,0.607
125,TYFYFY1X,0.241,0.575,0.714,0.899,0.461,0.195,0.684,0.794,0.929,0.607
126,TYFYFY2x,0.241,0.575,0.714,0.213,0.461,0.195,0.684,0.794,0.415,0.607
127,TYFYFY2X,0.241,0.575,0.714,0.213,0.461,0.195,0.684,0.794,0.415,0.607